Workbook

Sheet Лист1
A1: 0 | B1: =2^(A1+1)-1 -> 1
A2: 1 | B2: =2^(A2+1)-1 -> 3
A3: 2 | B3: =2^(A3+1)-1 -> 7
A4: 3 | B4: =2^(A4+1)-1 -> 15
A5: 4 | B5: =2^(A5+1)-1 -> 31
A6: 5 | B6: =2^(A6+1)-1 -> 63
A7: 6 | B7: =2^(A7+1)-1 -> 127
A8: 7 | B8: =2^(A8+1)-1 -> 255
A9: 8 | B9: =2^(A9+1)-1 -> 511
A10: 9 | B10: =2^(A10+1)-1 -> 1023
A11: 10 | B11: =2^(A11+1)-1 -> 2047
A12: 11 | B12: =2^(A12+1)-1 -> 4095
... A24: 23 | B24: =2^(A24+1)-1 -> 16777215

Sheet Лист2
A1: 0 | B1: =(3^(A1+1)-1)/2 -> 1
A2: 1 | B2: =(3^(A2+1)-1)/2 -> 4
A3: 2 | B3: =(3^(A3+1)-1)/2 -> 13
A4: 3 | B4: =(3^(A4+1)-1)/2 -> 40
A5: 4 | B5: =(3^(A5+1)-1)/2 -> 121
A6: 5 | B6: =(3^(A6+1)-1)/2 -> 364
A7: 6 | B7: =(3^(A7+1)-1)/2 -> 1093
A8: 7 | B8: =(3^(A8+1)-1)/2 -> 3280
A9: 8 | B9: =(3^(A9+1)-1)/2 -> 9841
A10: 9 | B10: =(3^(A10+1)-1)/2 -> 29524
A11: 10 | B11: =(3^(A11+1)-1)/2 -> 88573
A12: 11 | B12: =(3^(A12+1)-1)/2 -> 265720
... A24: 23 | B24: =(3^(A24+1)-1)/2 -> 141214768240

Sheet Лист3
A1: максимальный показатель | B1: сумма для 2 | C1: сумма для 3
A2: 0 | B2: =VLOOKUP(A2, 'Лист1'!$A$1:$B$25, 2, FALSE) -> 1 | C2: =VLOOKUP(A2, 'Лист2'!$A$1:$B$25, 2, FALSE) -> 1
A3: 1 | B3: =VLOOKUP(A3, 'Лист1'!$A$1:$B$25, 2, FALSE) -> 3 | C3: =VLOOKUP(A3, 'Лист2'!$A$1:$B$25, 2, FALSE) -> 4
A4: 2 | B4: =VLOOKUP(A4, 'Лист1'!$A$1:$B$25, 2, FALSE) -> 7 | C4: =VLOOKUP(A4, 'Лист2'!$A$1:$B$25, 2, FALSE) -> 13
A5: 3 | B5: =VLOOKUP(A5, 'Лист1'!$A$1:$B$25, 2, FALSE) -> 15 | C5: =VLOOKUP(A5, 'Лист2'!$A$1:$B$25, 2, FALSE) -> 40
A6: 4 | B6: =VLOOKUP(A6, 'Лист1'!$A$1:$B$25, 2, FALSE) -> 31 | C6: =VLOOKUP(A6, 'Лист2'!$A$1:$B$25, 2, FALSE) -> 121
A7: 5 | B7: =VLOOKUP(A7, 'Лист1'!$A$1:$B$25, 2, FALSE) -> 63 | C7: =VLOOKUP(A7, 'Лист2'!$A$1:$B$25, 2, FALSE) -> 364
A8: 6 | B8: =VLOOKUP(A8, 'Лист1'!$A$1:$B$25, 2, FALSE) -> 127 | C8: =VLOOKUP(A8, 'Лист2'!$A$1:$B$25, 2, FALSE) -> 1093
A9: 7 | B9: =VLOOKUP(A9, 'Лист1'!$A$1:$B$25, 2, FALSE) -> 255 | C9: =VLOOKUP(A9, 'Лист2'!$A$1:$B$25, 2, FALSE) -> 3280
A10: 8 | B10: =VLOOKUP(A10, 'Лист1'!$A$1:$B$25, 2, FALSE) -> 511 | C10: =VLOOKUP(A10, 'Лист2'!$A$1:$B$25, 2, FALSE) -> 9841
A11: 9 | B11: =VLOOKUP(A11, 'Лист1'!$A$1:$B$25, 2, FALSE) -> 1023 | C11: =VLOOKUP(A11, 'Лист2'!$A$1:$B$25, 2, FALSE) -> 29524
A12: 10 | B12: =VLOOKUP(A12, 'Лист1'!$A$1:$B$25, 2, FALSE) -> 2047 | C12: =VLOOKUP(A12, 'Лист2'!$A$1:$B$25, 2, FALSE) -> 88573
A13: 11 | B13: =VLOOKUP(A13, 'Лист1'!$A$1:$B$25, 2, FALSE) -> 4095 | C13: =VLOOKUP(A13, 'Лист2'!$A$1:$B$25, 2, FALSE) -> 265720
... A25: 23 | B25: =VLOOKUP(A25, 'Лист1'!$A$1:$B$25, 2, FALSE) -> 16777215 | C25: =VLOOKUP(A25, 'Лист2'!$A$1:$B$25, 2, FALSE) -> 141214768240

Sheet Лист6
B1: для А (лист 3) | C1: для B (лист 3) | D1: для C (лист 3)
A2: статическая функция | B2: =AVERAGE('Лист3'!A2:A25) -> 11.5 | C2: =AVERAGE('Лист3'!B2:B25) -> 1398100.2 | D2: =AVERAGE('Лист3'!C2:C25) -> 8.825923e+09
A3: среднее значение | B3: =AVERAGE('Лист3'!$B$2:$B$25) -> 1398100.2 | C3: =AVERAGE('Лист3'!$B$2:$B$25) -> 1398100.2 | D3: =AVERAGE('Лист3'!$B$2:$B$25) -> 1398100.2
A4: минимальное значение | B4: =MIN('Лист3'!$B$2:$B$25) -> 1 | C4: =MIN('Лист3'!$B$2:$B$25) -> 1 | D4: =MIN('Лист3'!$B$2:$B$25) -> 1
A5: медиана | B5: =MEDIAN('Лист3'!$B$2:$B$25) -> 6143 | C5: =MEDIAN('Лист3'!$B$2:$B$25) -> 6143 | D5: =MEDIAN('Лист3'!$B$2:$B$25) -> 6143
A6: мода | B6: =_XLFN.MODE.SNGL('Лист3'!$B$2:$B$25) -> #N/A | C6: =_XLFN.MODE.SNGL('Лист3'!$B$2:$B$25) -> #N/A | D6: =_XLFN.MODE.SNGL('Лист3'!$B$2:$B$25) -> #N/A
A7: диспресия | B7: ~55.92 | C7: ~1.1e+13 | D7: ~1.1e+21

Sheet Лист5
B1: 2021 | C1: 2022 | D1: 2023 | E1: 2024 | F1: 2025 | G1: 2026 | H1: 2027
A2: КОЛЛЕДЖ 1 | B2: 1510000 | C2: 2236476 | D2: 1934765 | E2: 4543534 | F2: 2348887 | G2: 1170004 | H2: 2344598
A3: КОЛЛЕДЖ 2 | B3: 237800 | C3: 732647 | D3: 567672 | E3: 234234 | F3: 232217 | G3: 634423 | H3: 235455
A4: КОЛЛЕДЖ 3 | B4: 3211400 | C4: 4873837 | D4: 3654654 | E4: 3453453 | F4: 5435323 | G4: 4586959 | H4: 8576885
A5: КОЛЛЕДЖ 4 | B5: 4961201 | C5: 7844962 | D5: 6159094 | E5: 8233225 | F5: 8109432 | G5: 6393392 | H5: 11158945
A6: СУММА: | B6: =SUM(B$2:B$5) -> 9920401 | C6: =SUM(C$2:C$5) -> 15687922 | D6: =SUM(D$2:D$5) -> 12316185 | E6: =SUM(E$2:E$5) -> 16464446 | F6: =SUM(F$2:F$5) -> 16125859 | G6: =SUM(G$2:G$5) -> 12784778 | H6: =SUM(H$2:H$5) -> 22315883
